city,local,parameter,value,latitude,longitude
city,local,parameter,value,latitude,longitude
Delhi,"2015-07-02T05:40:00+05:30",so2,6.9,28.5648,77.1744
Delhi,"2015-07-02T05:40:00+05:30",pm25,23,28.6683,77.1167
Delhi,"2015-07-02T05:40:00+05:30",no2,50.9,28.5648,77.1744
Delhi,"2015-07-02T05:40:00+05:30",pm25,230,28.6508,77.3152
Delhi,"2015-07-02T05:40:00+05:30",co,500,28.6341,77.2005
Delhi,"2015-07-02T05:40:00+05:30",o3,15.2,28.5648,77.1744
Delhi,"2015-07-02T05:40:00+05:30",so2,7.3,28.6683,77.1167
Delhi,"2015-07-02T05:40:00+05:30",no2,17.6,28.6683,77.1167
Delhi,"2015-07-02T05:40:00+05:30",o3,9.8,28.6683,77.1167
Delhi,"2015-07-02T05:40:00+05:30",pm25,21,28.5648,77.1744
Delhi,"2015-07-02T05:40:00+05:30",no2,37,28.6341,77.2005
Delhi,"2015-07-02T05:40:00+05:30",co,1200,28.6683,77.1167
Delhi,"2015-07-02T05:40:00+05:30",pm25,52,28.6341,77.2005
Delhi,"2015-07-02T05:40:00+05:30",pm10,62,28.5648,77.1744
Delhi,"2015-07-02T05:40:00+05:30",pm10,254,28.6508,77.3152
Delhi,"2015-07-02T05:40:00+05:30",pm10,49,28.6683,77.1167
Delhi,"2015-07-02T05:40:00+05:30",co,1600,28.5648,77.1744
Delhi,"2015-07-02T06:00:00+05:30",no2,40.1,28.6341,77.2005
Delhi,"2015-07-02T06:00:00+05:30",so2,7.6,28.6683,77.1167
Delhi,"2015-07-02T06:00:00+05:30",pm25,57,28.5648,77.1744
Delhi,"2015-07-02T06:00:00+05:30",pm10,97,28.5648,77.1744
Delhi,"2015-07-02T06:00:00+05:30",pm25,49,28.6683,77.1167
Delhi,"2015-07-02T06:00:00+05:30",o3,4.9,28.6341,77.2005
Delhi,"2015-07-02T06:00:00+05:30",co,1700,28.5648,77.1744
Delhi,"2015-07-02T06:00:00+05:30",pm10,110,28.6341,77.2005
Delhi,"2015-07-02T06:00:00+05:30",no2,55,28.5648,77.1744
Delhi,"2015-07-02T06:00:00+05:30",pm10,70,28.6683,77.1167
Delhi,"2015-07-02T06:00:00+05:30",pm25,42,28.6341,77.2005
Delhi,"2015-07-02T06:00:00+05:30",o3,15.3,28.6683,77.1167
Delhi,"2015-07-02T06:00:00+05:30",co,400,28.6341,77.2005
Delhi,"2015-07-02T06:00:00+05:30",co,1200,28.6683,77.1167
Delhi,"2015-07-02T06:00:00+05:30",no2,32.3,28.6683,77.1167
Delhi,"2015-07-02T06:00:00+05:30",o3,14.9,28.5648,77.1744
Delhi,"2015-07-02T06:10:00+05:30",pm10,355,28.6508,77.3152
Delhi,"2015-07-02T06:10:00+05:30",no2,59.9,28.6508,77.3152
Delhi,"2015-07-02T06:10:00+05:30",pm25,104,28.6508,77.3152
Delhi,"2015-07-02T06:10:00+05:30",so2,17.2,28.6508,77.3152
Delhi,"2015-07-02T06:10:00+05:30",co,800,28.6508,77.3152
Delhi,"2015-07-02T06:10:00+05:30",o3,8.1,28.6508,77.3152
Delhi,"2015-07-02T06:40:00+05:30",so2,12.6,28.6508,77.3152
Delhi,"2015-07-02T06:40:00+05:30",co,1200,28.6683,77.1167
Delhi,"2015-07-02T06:40:00+05:30",pm25,104,28.6508,77.3152
Delhi,"2015-07-02T06:40:00+05:30",pm25,57,28.5648,77.1744
Delhi,"2015-07-02T06:40:00+05:30",o3,68.6,28.6508,77.3152
Delhi,"2015-07-02T06:40:00+05:30",so2,7.7,28.5648,77.1744
Delhi,"2015-07-02T06:40:00+05:30",no2,44.6,28.6341,77.2005
Delhi,"2015-07-02T06:40:00+05:30",pm25,49,28.6683,77.1167
Delhi,"2015-07-02T06:40:00+05:30",o3,7.1,28.6341,77.2005
Delhi,"2015-07-02T06:40:00+05:30",co,1700,28.5648,77.1744
Delhi,"2015-07-02T06:40:00+05:30",pm10,70,28.6683,77.1167
Delhi,"2015-07-02T06:40:00+05:30",o3,29.4,28.6683,77.1167
Delhi,"2015-07-02T06:40:00+05:30",pm10,355,28.6508,77.3152
Delhi,"2015-07-02T06:40:00+05:30",no2,64.2,28.6508,77.3152
Delhi,"2015-07-02T06:40:00+05:30",no2,25.4,28.6683,77.1167
Delhi,"2015-07-02T06:40:00+05:30",co,1200,28.6508,77.3152
Delhi,"2015-07-02T06:40:00+05:30",o3,14.1,28.5648,77.1744
Delhi,"2015-07-02T06:40:00+05:30",co,500,28.6341,77.2005
Delhi,"2015-07-02T06:40:00+05:30",pm10,97,28.5648,77.1744
Delhi,"2015-07-02T06:40:00+05:30",pm25,42,28.6341,77.2005
Delhi,"2015-07-02T06:40:00+05:30",so2,5.3,28.6683,77.1167
Delhi,"2015-07-02T06:40:00+05:30",no2,59.7,28.5648,77.1744
Delhi,"2015-07-02T07:00:00+05:30",o3,8.6,28.6341,77.2005
Delhi,"2015-07-02T07:00:00+05:30",co,1700,28.5648,77.1744
Delhi,"2015-07-02T07:00:00+05:30",co,1300,28.6683,77.1167
Delhi,"2015-07-02T07:00:00+05:30",o3,11.5,28.5648,77.1744
Delhi,"2015-07-02T07:00:00+05:30",o3,20,28.6683,77.1167
Delhi,"2015-07-02T07:00:00+05:30",so2,7.7,28.5648,77.1744
Delhi,"2015-07-02T07:00:00+05:30",so2,4.1,28.6683,77.1167
Delhi,"2015-07-02T07:00:00+05:30",pm25,51,28.5648,77.1744
Delhi,"2015-07-02T07:00:00+05:30",no2,58.7,28.5648,77.1744
Delhi,"2015-07-02T07:00:00+05:30",no2,53.6,28.6341,77.2005
Delhi,"2015-07-02T07:00:00+05:30",no2,26.7,28.6683,77.1167
Delhi,"2015-07-02T07:00:00+05:30",co,500,28.6341,77.2005
Delhi,"2015-07-02T07:00:00+05:30",pm25,50,28.6683,77.1167
Delhi,"2015-07-02T07:00:00+05:30",pm25,30,28.6341,77.2005
Delhi,"2015-07-02T07:00:00+05:30",pm10,72,28.6683,77.1167
Delhi,"2015-07-02T07:00:00+05:30",pm10,107,28.5648,77.1744
Delhi,"2015-07-02T07:10:00+05:30",so2,13.4,28.6508,77.3152
Delhi,"2015-07-02T07:10:00+05:30",pm10,360,28.6508,77.3152
Delhi,"2015-07-02T07:10:00+05:30",pm25,94,28.6508,77.3152
Delhi,"2015-07-02T07:10:00+05:30",no2,68.2,28.6508,77.3152
Delhi,"2015-07-02T07:10:00+05:30",co,1200,28.6508,77.3152
Delhi,"2015-07-02T07:10:00+05:30",o3,2.4,28.6508,77.3152
Delhi,"2015-07-02T07:40:00+05:30",so2,12.5,28.6508,77.3152
Delhi,"2015-07-02T07:40:00+05:30",no2,64.4,28.5648,77.1744
Delhi,"2015-07-02T07:40:00+05:30",co,1500,28.6508,77.3152
Delhi,"2015-07-02T07:40:00+05:30",pm10,107,28.5648,77.1744
Delhi,"2015-07-02T07:40:00+05:30",pm10,72,28.6683,77.1167
Delhi,"2015-07-02T07:40:00+05:30",pm25,30,28.6341,77.2005
Delhi,"2015-07-02T07:40:00+05:30",so2,6.6,28.5648,77.1744
Delhi,"2015-07-02T07:40:00+05:30",pm25,50,28.6683,77.1167
Delhi,"2015-07-02T07:40:00+05:30",pm25,51,28.5648,77.1744
Delhi,"2015-07-02T07:40:00+05:30",co,600,28.6341,77.2005
Delhi,"2015-07-02T07:40:00+05:30",o3,22.5,28.6683,77.1167
Delhi,"2015-07-02T07:40:00+05:30",o3,4.5,28.6341,77.2005
Delhi,"2015-07-02T07:40:00+05:30",o3,11.5,28.5648,77.1744
Delhi,"2015-07-02T07:40:00+05:30",o3,36.1,28.6508,77.3152
Delhi,"2015-07-02T07:40:00+05:30",co,1700,28.5648,77.1744
Delhi,"2015-07-02T07:40:00+05:30",no2,68.8,28.6508,77.3152
Delhi,"2015-07-02T07:40:00+05:30",pm10,360,28.6508,77.3152
Delhi,"2015-07-02T07:40:00+05:30",no2,22.9,28.6683,77.1167
Delhi,"2015-07-02T07:40:00+05:30",no2,32.7,28.6341,77.2005
Delhi,"2015-07-02T07:40:00+05:30",so2,1.7,28.6683,77.1167
Delhi,"2015-07-02T07:40:00+05:30",pm25,94,28.6508,77.3152
Delhi,"2015-07-02T07:40:00+05:30",co,1200,28.6683,77.1167
Delhi,"2015-07-02T08:00:00+05:30",o3,13.2,28.5648,77.1744
Delhi,"2015-07-02T08:00:00+05:30",no2,27.5,28.6683,77.1167
Delhi,"2015-07-02T08:00:00+05:30",pm10,139,28.5648,77.1744
Delhi,"2015-07-02T08:00:00+05:30",pm25,56,28.6683,77.1167
Delhi,"2015-07-02T08:00:00+05:30",co,500,28.6341,77.2005
Delhi,"2015-07-02T08:00:00+05:30",pm25,32,28.6341,77.2005
Delhi,"2015-07-02T08:00:00+05:30",pm25,49,28.5648,77.1744
Delhi,"2015-07-02T08:00:00+05:30",o3,26.3,28.6683,77.1167
Delhi,"2015-07-02T08:00:00+05:30",o3,7.7,28.6341,77.2005
Delhi,"2015-07-02T08:00:00+05:30",pm10,110,28.6683,77.1167
Delhi,"2015-07-02T08:00:00+05:30",no2,52.5,28.5648,77.1744
Delhi,"2015-07-02T08:00:00+05:30",so2,0.3,28.6683,77.1167
Delhi,"2015-07-02T08:00:00+05:30",co,1500,28.5648,77.1744
Delhi,"2015-07-02T08:00:00+05:30",no2,35.5,28.6341,77.2005
Delhi,"2015-07-02T08:00:00+05:30",pm10,91,28.6341,77.2005
Delhi,"2015-07-02T08:00:00+05:30",so2,6.3,28.5648,77.1744
Delhi,"2015-07-02T08:10:00+05:30",co,2000,28.6508,77.3152
Delhi,"2015-07-02T08:10:00+05:30",no2,62.8,28.6508,77.3152
Delhi,"2015-07-02T08:10:00+05:30",pm10,327,28.6508,77.3152
Delhi,"2015-07-02T08:10:00+05:30",pm25,95,28.6508,77.3152
Delhi,"2015-07-02T08:10:00+05:30",o3,72.4,28.6508,77.3152
Delhi,"2015-07-02T08:10:00+05:30",so2,10,28.6508,77.3152
Delhi,"2015-07-02T08:40:00+05:30",so2,7.4,28.5648,77.1744
Delhi,"2015-07-02T08:40:00+05:30",pm25,56,28.6683,77.1167
Delhi,"2015-07-02T08:40:00+05:30",co,1500,28.6508,77.3152
Delhi,"2015-07-02T08:40:00+05:30",pm25,49,28.5648,77.1744
Delhi,"2015-07-02T08:40:00+05:30",pm10,327,28.6508,77.3152
Delhi,"2015-07-02T08:40:00+05:30",no2,49.2,28.5648,77.1744
Delhi,"2015-07-02T08:40:00+05:30",o3,28.6,28.6683,77.1167
Delhi,"2015-07-02T08:40:00+05:30",co,1600,28.5648,77.1744
Delhi,"2015-07-02T08:40:00+05:30",no2,30,28.6683,77.1167
Delhi,"2015-07-02T08:40:00+05:30",pm10,139,28.5648,77.1744
Delhi,"2015-07-02T08:40:00+05:30",no2,69.2,28.6508,77.3152
Delhi,"2015-07-02T08:40:00+05:30",co,400,28.6341,77.2005
Delhi,"2015-07-02T08:40:00+05:30",o3,96.9,28.6508,77.3152
Delhi,"2015-07-02T08:40:00+05:30",no2,39.8,28.6341,77.2005
Delhi,"2015-07-02T08:40:00+05:30",so2,8.1,28.6508,77.3152
Delhi,"2015-07-02T08:40:00+05:30",pm25,32,28.6341,77.2005
Delhi,"2015-07-02T08:40:00+05:30",pm25,95,28.6508,77.3152
Delhi,"2015-07-02T08:40:00+05:30",co,800,28.6683,77.1167
Delhi,"2015-07-02T08:40:00+05:30",pm10,110,28.6683,77.1167
Delhi,"2015-07-02T08:40:00+05:30",o3,11.4,28.5648,77.1744
Delhi,"2015-07-02T09:00:00+05:30",pm10,191,28.5648,77.1744
Delhi,"2015-07-02T09:00:00+05:30",so2,0.6,28.6683,77.1167
Delhi,"2015-07-02T09:00:00+05:30",no2,42.5,28.6341,77.2005
Delhi,"2015-07-02T09:00:00+05:30",o3,5.6,28.5648,77.1744
Delhi,"2015-07-02T09:00:00+05:30",pm10,176,28.6683,77.1167
Delhi,"2015-07-02T09:00:00+05:30",pm25,82,28.6683,77.1167
Delhi,"2015-07-02T09:00:00+05:30",co,1700,28.5648,77.1744
Delhi,"2015-07-02T09:00:00+05:30",no2,29,28.6683,77.1167
Delhi,"2015-07-02T09:00:00+05:30",so2,6.9,28.5648,77.1744
Delhi,"2015-07-02T09:00:00+05:30",pm25,50,28.5648,77.1744
Delhi,"2015-07-02T09:00:00+05:30",o3,6,28.6341,77.2005
Delhi,"2015-07-02T09:00:00+05:30",o3,32.4,28.6683,77.1167
Delhi,"2015-07-02T09:00:00+05:30",pm10,95,28.6341,77.2005
Delhi,"2015-07-02T09:00:00+05:30",co,900,28.6683,77.1167
Delhi,"2015-07-02T09:00:00+05:30",no2,45.5,28.5648,77.1744
Delhi,"2015-07-02T09:10:00+05:30",co,1100,28.6508,77.3152
Delhi,"2015-07-02T09:10:00+05:30",pm25,76,28.6508,77.3152
Delhi,"2015-07-02T09:10:00+05:30",no2,73.6,28.6508,77.3152
Delhi,"2015-07-02T09:10:00+05:30",so2,6.7,28.6508,77.3152
Delhi,"2015-07-02T09:10:00+05:30",pm10,333,28.6508,77.3152
Delhi,"2015-07-02T09:40:00+05:30",so2,6.9,28.5648,77.1744
Delhi,"2015-07-02T09:40:00+05:30",pm25,50,28.5648,77.1744
Delhi,"2015-07-02T09:40:00+05:30",co,1600,28.6508,77.3152
Delhi,"2015-07-02T09:40:00+05:30",co,700,28.6341,77.2005
Delhi,"2015-07-02T09:40:00+05:30",so2,1,28.6683,77.1167
Delhi,"2015-07-02T09:40:00+05:30",o3,35.5,28.5648,77.1744
Delhi,"2015-07-02T09:40:00+05:30",co,1100,28.6683,77.1167
Delhi,"2015-07-02T09:40:00+05:30",pm10,191,28.5648,77.1744
Delhi,"2015-07-02T09:40:00+05:30",o3,4.1,28.6341,77.2005
Delhi,"2015-07-02T09:40:00+05:30",no2,45,28.6683,77.1167
Delhi,"2015-07-02T09:40:00+05:30",pm10,176,28.6683,77.1167
Delhi,"2015-07-02T09:40:00+05:30",no2,43.8,28.6341,77.2005
Delhi,"2015-07-02T09:40:00+05:30",o3,33,28.6683,77.1167
Delhi,"2015-07-02T09:40:00+05:30",co,1700,28.5648,77.1744
Delhi,"2015-07-02T09:40:00+05:30",no2,59.5,28.5648,77.1744
Delhi,"2015-07-02T09:40:00+05:30",no2,102.8,28.6508,77.3152
Delhi,"2015-07-02T09:40:00+05:30",pm25,82,28.6683,77.1167
Delhi,"2015-07-02T09:40:00+05:30",so2,6.5,28.6508,77.3152
Delhi,"2015-07-02T10:00:00+05:30",co,1300,28.6683,77.1167
Delhi,"2015-07-02T10:00:00+05:30",pm25,55,28.6341,77.2005
Delhi,"2015-07-02T10:00:00+05:30",co,1700,28.5648,77.1744
Delhi,"2015-07-02T10:00:00+05:30",o3,28.7,28.5648,77.1744
Delhi,"2015-07-02T10:00:00+05:30",o3,45.7,28.6683,77.1167
Delhi,"2015-07-02T10:00:00+05:30",pm25,60,28.5648,77.1744
Delhi,"2015-07-02T10:00:00+05:30",pm10,153,28.6683,77.1167
Delhi,"2015-07-02T10:00:00+05:30",no2,60.2,28.6341,77.2005
Delhi,"2015-07-02T10:00:00+05:30",o3,7.9,28.6341,77.2005
Delhi,"2015-07-02T10:00:00+05:30",pm25,53,28.6683,77.1167
Delhi,"2015-07-02T10:00:00+05:30",pm10,140,28.5648,77.1744
Delhi,"2015-07-02T10:00:00+05:30",pm10,226,28.6341,77.2005
Delhi,"2015-07-02T10:00:00+05:30",no2,60.3,28.6683,77.1167
Delhi,"2015-07-02T10:00:00+05:30",co,700,28.6341,77.2005
Delhi,"2015-07-02T10:00:00+05:30",no2,67.7,28.5648,77.1744
Delhi,"2015-07-02T10:00:00+05:30",so2,7.7,28.5648,77.1744
Delhi,"2015-07-02T10:10:00+05:30",pm25,51,28.6508,77.3152
Delhi,"2015-07-02T10:10:00+05:30",pm10,589,28.6508,77.3152
Delhi,"2015-07-02T10:40:00+05:30",no2,91.9,28.6683,77.1167
Delhi,"2015-07-02T10:40:00+05:30",o3,18,28.6341,77.2005
Delhi,"2015-07-02T10:40:00+05:30",pm10,589,28.6508,77.3152
Delhi,"2015-07-02T10:40:00+05:30",pm25,55,28.6341,77.2005
Delhi,"2015-07-02T10:40:00+05:30",co,1700,28.6683,77.1167
Delhi,"2015-07-02T10:40:00+05:30",no2,71.9,28.6341,77.2005
Delhi,"2015-07-02T10:40:00+05:30",pm25,60,28.5648,77.1744
Delhi,"2015-07-02T10:40:00+05:30",pm25,51,28.6508,77.3152
Delhi,"2015-07-02T10:40:00+05:30",o3,83.2,28.6683,77.1167
Delhi,"2015-07-02T10:40:00+05:30",co,700,28.6341,77.2005
Delhi,"2015-07-02T10:40:00+05:30",pm25,53,28.6683,77.1167
Delhi,"2015-07-02T10:40:00+05:30",o3,24.2,28.5648,77.1744
Delhi,"2015-07-02T10:40:00+05:30",so2,3.5,28.6683,77.1167
Delhi,"2015-07-02T10:40:00+05:30",pm10,153,28.6683,77.1167
Delhi,"2015-07-02T10:40:00+05:30",pm10,140,28.5648,77.1744
Delhi,"2015-07-02T11:00:00+05:30",pm10,228,28.6683,77.1167
Delhi,"2015-07-02T11:00:00+05:30",o3,90,28.6683,77.1167
Delhi,"2015-07-02T11:00:00+05:30",no2,99,28.5648,77.1744
Delhi,"2015-07-02T11:00:00+05:30",pm10,252,28.6341,77.2005
Delhi,"2015-07-02T11:00:00+05:30",no2,65,28.6683,77.1167
Delhi,"2015-07-02T11:00:00+05:30",pm25,84,28.6683,77.1167
Delhi,"2015-07-02T11:00:00+05:30",o3,32.1,28.6341,77.2005
Delhi,"2015-07-02T11:00:00+05:30",pm25,77,28.6341,77.2005
Delhi,"2015-07-02T11:00:00+05:30",o3,22,28.5648,77.1744
Delhi,"2015-07-02T11:00:00+05:30",so2,7.4,28.6683,77.1167
Delhi,"2015-07-02T11:00:00+05:30",so2,12,28.5648,77.1744
Delhi,"2015-07-02T11:00:00+05:30",no2,45.4,28.6341,77.2005
Delhi,"2015-07-02T11:00:00+05:30",co,700,28.6341,77.2005
Delhi,"2015-07-02T11:00:00+05:30",co,1600,28.6683,77.1167
Delhi,"2015-07-02T11:00:00+05:30",pm10,200,28.5648,77.1744
Delhi,"2015-07-02T11:00:00+05:30",pm25,76,28.5648,77.1744
Delhi,"2015-07-02T11:10:00+05:30",pm10,298,28.6508,77.3152
Delhi,"2015-07-02T11:10:00+05:30",so2,17.8,28.6508,77.3152
Delhi,"2015-07-02T11:10:00+05:30",pm25,103,28.6508,77.3152
Delhi,"2015-07-02T11:10:00+05:30",co,1300,28.6508,77.3152
Delhi,"2015-07-02T11:10:00+05:30",no2,117.2,28.6508,77.3152
Delhi,"2015-07-02T11:20:00+05:30",co,800,28.6341,77.2005
Delhi,"2015-07-02T11:20:00+05:30",o3,47.8,28.6341,77.2005
Delhi,"2015-07-02T11:20:00+05:30",so2,14.6,28.6508,77.3152
Delhi,"2015-07-02T11:20:00+05:30",pm25,103,28.6508,77.3152
Delhi,"2015-07-02T11:20:00+05:30",no2,78.2,28.6683,77.1167
Delhi,"2015-07-02T11:20:00+05:30",pm25,77,28.6341,77.2005
Delhi,"2015-07-02T11:20:00+05:30",so2,9.7,28.5648,77.1744
Delhi,"2015-07-02T11:20:00+05:30",co,1400,28.6683,77.1167
Delhi,"2015-07-02T11:20:00+05:30",pm10,228,28.6683,77.1167
Delhi,"2015-07-02T11:20:00+05:30",pm25,76,28.5648,77.1744
Delhi,"2015-07-02T11:20:00+05:30",pm10,252,28.6341,77.2005
Delhi,"2015-07-02T11:20:00+05:30",pm10,298,28.6508,77.3152
Delhi,"2015-07-02T11:20:00+05:30",no2,41.5,28.6341,77.2005
Delhi,"2015-07-02T11:20:00+05:30",no2,144.4,28.6508,77.3152
Delhi,"2015-07-02T11:20:00+05:30",no2,66.4,28.5648,77.1744
Delhi,"2015-07-02T11:20:00+05:30",o3,69.4,28.6683,77.1167
Delhi,"2015-07-02T11:20:00+05:30",o3,18,28.5648,77.1744
Delhi,"2015-07-02T11:20:00+05:30",so2,6.2,28.6683,77.1167
Delhi,"2015-07-02T11:20:00+05:30",pm25,84,28.6683,77.1167
Delhi,"2015-07-02T11:20:00+05:30",pm10,200,28.5648,77.1744
Delhi,"2015-07-02T11:20:00+05:30",co,1300,28.6508,77.3152
Delhi,"2015-07-02T12:00:00+05:30",no2,64.5,28.5648,77.1744
Delhi,"2015-07-02T12:00:00+05:30",co,800,28.6341,77.2005
Delhi,"2015-07-02T12:00:00+05:30",o3,24.8,28.5648,77.1744
Delhi,"2015-07-02T12:00:00+05:30",pm10,151,28.6341,77.2005
Delhi,"2015-07-02T12:00:00+05:30",o3,101.9,28.6683,77.1167
Delhi,"2015-07-02T12:00:00+05:30",so2,2.8,28.6683,77.1167
Delhi,"2015-07-02T12:00:00+05:30",pm25,62,28.6683,77.1167
Delhi,"2015-07-02T12:00:00+05:30",o3,84.6,28.6341,77.2005
Delhi,"2015-07-02T12:00:00+05:30",pm10,145,28.5648,77.1744
Delhi,"2015-07-02T12:00:00+05:30",no2,57.3,28.6683,77.1167
Delhi,"2015-07-02T12:00:00+05:30",pm10,157,28.6683,77.1167
Delhi,"2015-07-02T12:00:00+05:30",pm25,79,28.6341,77.2005
Delhi,"2015-07-02T12:00:00+05:30",pm25,92,28.5648,77.1744
Delhi,"2015-07-02T12:00:00+05:30",no2,35.5,28.6341,77.2005
Delhi,"2015-07-02T12:10:00+05:30",pm10,372,28.6508,77.3152
Delhi,"2015-07-02T12:10:00+05:30",o3,196.8,28.6508,77.3152
Delhi,"2015-07-02T12:10:00+05:30",no2,113.6,28.6508,77.3152
Delhi,"2015-07-02T12:10:00+05:30",so2,11.5,28.6508,77.3152
Delhi,"2015-07-02T12:10:00+05:30",pm25,107,28.6508,77.3152
Delhi,"2015-07-02T12:10:00+05:30",co,1000,28.6508,77.3152
Delhi,"2015-07-02T12:40:00+05:30",pm10,151,28.6341,77.2005
Delhi,"2015-07-02T12:40:00+05:30",pm10,372,28.6508,77.3152
Delhi,"2015-07-02T12:40:00+05:30",no2,36.6,28.6683,77.1167
Delhi,"2015-07-02T12:40:00+05:30",o3,43.3,28.5648,77.1744
Delhi,"2015-07-02T12:40:00+05:30",o3,78.8,28.6683,77.1167
Delhi,"2015-07-02T12:40:00+05:30",co,1300,28.6508,77.3152
Delhi,"2015-07-02T12:40:00+05:30",no2,81.7,28.6341,77.2005
Delhi,"2015-07-02T12:40:00+05:30",o3,114.9,28.6508,77.3152
Delhi,"2015-07-02T12:40:00+05:30",co,800,28.6341,77.2005
Delhi,"2015-07-02T12:40:00+05:30",no2,42.8,28.5648,77.1744
Delhi,"2015-07-02T12:40:00+05:30",pm25,62,28.6683,77.1167
Delhi,"2015-07-02T12:40:00+05:30",pm25,92,28.5648,77.1744
Delhi,"2015-07-02T12:40:00+05:30",pm10,157,28.6683,77.1167
Delhi,"2015-07-02T12:40:00+05:30",so2,18.8,28.6508,77.3152
Delhi,"2015-07-02T12:40:00+05:30",pm25,79,28.6341,77.2005
Delhi,"2015-07-02T12:40:00+05:30",pm25,107,28.6508,77.3152
Delhi,"2015-07-02T12:40:00+05:30",so2,1,28.6683,77.1167
Delhi,"2015-07-02T12:40:00+05:30",no2,109.1,28.6508,77.3152
Delhi,"2015-07-02T12:40:00+05:30",co,1200,28.6683,77.1167
Delhi,"2015-07-02T12:40:00+05:30",so2,7.7,28.5648,77.1744
Delhi,"2015-07-02T13:00:00+05:30",so2,2.4,28.6683,77.1167
Delhi,"2015-07-02T13:00:00+05:30",pm10,151,28.6341,77.2005
Delhi,"2015-07-02T13:00:00+05:30",pm25,69,28.5648,77.1744
Delhi,"2015-07-02T13:00:00+05:30",co,1400,28.6683,77.1167
Delhi,"2015-07-02T13:00:00+05:30",no2,23.8,28.6341,77.2005
Delhi,"2015-07-02T13:00:00+05:30",no2,47.6,28.6683,77.1167
Delhi,"2015-07-02T13:00:00+05:30",o3,89.6,28.6683,77.1167
Delhi,"2015-07-02T13:00:00+05:30",so2,6.3,28.5648,77.1744
Delhi,"2015-07-02T13:00:00+05:30",pm25,91,28.6341,77.2005
Delhi,"2015-07-02T13:00:00+05:30",pm10,101,28.5648,77.1744
Delhi,"2015-07-02T13:00:00+05:30",pm10,168,28.6683,77.1167
Delhi,"2015-07-02T13:00:00+05:30",co,900,28.6341,77.2005
Delhi,"2015-07-02T13:00:00+05:30",o3,54.4,28.5648,77.1744
Delhi,"2015-07-02T13:00:00+05:30",pm25,18,28.6683,77.1167
Delhi,"2015-07-02T13:00:00+05:30",no2,41.1,28.5648,77.1744
Delhi,"2015-07-02T13:10:00+05:30",pm25,86,28.6508,77.3152
Delhi,"2015-07-02T13:10:00+05:30",co,1300,28.6508,77.3152
Delhi,"2015-07-02T13:10:00+05:30",o3,94.4,28.6508,77.3152
Delhi,"2015-07-02T13:10:00+05:30",no2,85.9,28.6508,77.3152
Delhi,"2015-07-02T13:10:00+05:30",so2,17.9,28.6508,77.3152
Delhi,"2015-07-02T13:40:00+05:30",so2,0.9,28.6683,77.1167
Delhi,"2015-07-02T13:40:00+05:30",so2,4.3,28.5648,77.1744
Delhi,"2015-07-02T13:40:00+05:30",co,1500,28.6683,77.1167
Delhi,"2015-07-02T13:40:00+05:30",pm10,101,28.5648,77.1744
Delhi,"2015-07-02T13:40:00+05:30",no2,40.5,28.6683,77.1167
Delhi,"2015-07-02T13:40:00+05:30",pm25,69,28.5648,77.1744
Delhi,"2015-07-02T13:40:00+05:30",o3,69.4,28.5648,77.1744
Delhi,"2015-07-02T13:40:00+05:30",o3,95.7,28.6683,77.1167
Delhi,"2015-07-02T13:40:00+05:30",pm25,18,28.6683,77.1167
Delhi,"2015-07-02T13:40:00+05:30",no2,33.2,28.5648,77.1744
Delhi,"2015-07-02T13:40:00+05:30",pm10,168,28.6683,77.1167
Delhi,"2015-07-02T13:40:00+05:30",co,0,28.5648,77.1744
Delhi,"2015-07-02T13:50:00+05:30",co,600,28.6341,77.2005
Delhi,"2015-07-02T13:50:00+05:30",pm25,91,28.6341,77.2005
Delhi,"2015-07-02T13:50:00+05:30",no2,102.8,28.6508,77.3152
Delhi,"2015-07-02T13:50:00+05:30",so2,15.2,28.6508,77.3152
Delhi,"2015-07-02T13:50:00+05:30",no2,27.5,28.6341,77.2005
Delhi,"2015-07-02T13:50:00+05:30",co,1200,28.6508,77.3152
Delhi,"2015-07-02T13:50:00+05:30",o3,67.8,28.6508,77.3152
Delhi,"2015-07-02T13:50:00+05:30",pm25,86,28.6508,77.3152
Delhi,"2015-07-02T14:00:00+05:30",pm25,89,28.6508,77.3152
Delhi,"2015-07-02T14:00:00+05:30",co,1200,28.6683,77.1167
Delhi,"2015-07-02T14:00:00+05:30",co,600,28.6341,77.2005
Delhi,"2015-07-02T14:00:00+05:30",no2,33.6,28.5648,77.1744
Delhi,"2015-07-02T14:00:00+05:30",pm10,311,28.6508,77.3152
Delhi,"2015-07-02T14:00:00+05:30",pm10,167,28.5648,77.1744
Delhi,"2015-07-02T14:00:00+05:30",pm25,156,28.6683,77.1167
Delhi,"2015-07-02T14:00:00+05:30",pm10,250,28.6341,77.2005
Delhi,"2015-07-02T14:00:00+05:30",pm10,190,28.6683,77.1167
Delhi,"2015-07-02T14:00:00+05:30",co,1900,28.5648,77.1744
Delhi,"2015-07-02T14:00:00+05:30",o3,118.4,28.6683,77.1167
Delhi,"2015-07-02T14:00:00+05:30",pm25,83,28.6341,77.2005
Delhi,"2015-07-02T14:00:00+05:30",o3,81.4,28.5648,77.1744
Delhi,"2015-07-02T14:00:00+05:30",so2,3.7,28.5648,77.1744
Delhi,"2015-07-02T14:00:00+05:30",no2,35.6,28.6683,77.1167
Delhi,"2015-07-02T14:00:00+05:30",no2,25.7,28.6341,77.2005
Delhi,"2015-07-02T14:00:00+05:30",pm25,76,28.5648,77.1744
Delhi,"2015-07-02T14:10:00+05:30",no2,91.4,28.6508,77.3152
Delhi,"2015-07-02T14:10:00+05:30",so2,14,28.6508,77.3152
Delhi,"2015-07-02T14:10:00+05:30",o3,57.8,28.6508,77.3152
Delhi,"2015-07-02T14:10:00+05:30",co,1400,28.6508,77.3152
Delhi,"2015-07-02T14:40:00+05:30",co,1900,28.5648,77.1744
Delhi,"2015-07-02T14:40:00+05:30",co,1500,28.6683,77.1167
Delhi,"2015-07-02T14:40:00+05:30",o3,101.7,28.5648,77.1744
Delhi,"2015-07-02T14:40:00+05:30",pm25,89,28.6508,77.3152
Delhi,"2015-07-02T14:40:00+05:30",pm25,83,28.6341,77.2005
Delhi,"2015-07-02T14:40:00+05:30",o3,123.9,28.6683,77.1167
Delhi,"2015-07-02T14:40:00+05:30",so2,12.4,28.6508,77.3152
Delhi,"2015-07-02T14:40:00+05:30",no2,28.8,28.6341,77.2005
Delhi,"2015-07-02T14:40:00+05:30",pm25,76,28.5648,77.1744
Delhi,"2015-07-02T14:40:00+05:30",pm25,156,28.6683,77.1167
Delhi,"2015-07-02T14:40:00+05:30",co,1200,28.6508,77.3152
Delhi,"2015-07-02T14:40:00+05:30",pm10,167,28.5648,77.1744
Delhi,"2015-07-02T14:40:00+05:30",pm10,190,28.6683,77.1167
Delhi,"2015-07-02T14:40:00+05:30",no2,77,28.6508,77.3152
Delhi,"2015-07-02T14:40:00+05:30",no2,60.6,28.6683,77.1167
Delhi,"2015-07-02T14:40:00+05:30",so2,6,28.6341,77.2005
Delhi,"2015-07-02T14:40:00+05:30",no2,30.5,28.5648,77.1744
Delhi,"2015-07-02T14:40:00+05:30",so2,4.1,28.6683,77.1167
Delhi,"2015-07-02T14:40:00+05:30",co,700,28.6341,77.2005
Delhi,"2015-07-02T14:40:00+05:30",o3,70.4,28.6508,77.3152
Delhi,"2015-07-02T14:40:00+05:30",so2,3.1,28.5648,77.1744
Delhi,"2015-07-02T14:40:00+05:30",pm10,311,28.6508,77.3152
Delhi,"2015-07-02T15:00:00+05:30",o3,85.4,28.5648,77.1744
Delhi,"2015-07-02T15:00:00+05:30",so2,2.9,28.5648,77.1744
Delhi,"2015-07-02T15:00:00+05:30",co,600,28.6341,77.2005
Delhi,"2015-07-02T15:00:00+05:30",no2,66.5,28.6683,77.1167
Delhi,"2015-07-02T15:00:00+05:30",o3,1.9,28.6341,77.2005
Delhi,"2015-07-02T15:00:00+05:30",pm25,143,28.6683,77.1167
Delhi,"2015-07-02T15:00:00+05:30",no2,29.4,28.6341,77.2005
Delhi,"2015-07-02T15:00:00+05:30",so2,1.4,28.6683,77.1167
Delhi,"2015-07-02T15:00:00+05:30",pm10,216,28.5648,77.1744
Delhi,"2015-07-02T15:00:00+05:30",o3,88.7,28.6683,77.1167
Delhi,"2015-07-02T15:00:00+05:30",co,1800,28.5648,77.1744
Delhi,"2015-07-02T15:00:00+05:30",pm10,197,28.6341,77.2005
Delhi,"2015-07-02T15:00:00+05:30",pm25,80,28.6341,77.2005
Delhi,"2015-07-02T15:00:00+05:30",no2,25.4,28.5648,77.1744
Delhi,"2015-07-02T15:00:00+05:30",so2,6.6,28.6341,77.2005
Delhi,"2015-07-02T15:00:00+05:30",pm10,258,28.6683,77.1167
Delhi,"2015-07-02T15:00:00+05:30",pm25,94,28.5648,77.1744
Delhi,"2015-07-02T15:00:00+05:30",co,1300,28.6683,77.1167
Delhi,"2015-07-02T15:10:00+05:30",pm25,87,28.6508,77.3152
Delhi,"2015-07-02T15:10:00+05:30",pm10,310,28.6508,77.3152
Delhi,"2015-07-02T15:10:00+05:30",no2,135.1,28.6508,77.3152
Delhi,"2015-07-02T15:10:00+05:30",o3,58.8,28.6508,77.3152
Delhi,"2015-07-02T15:10:00+05:30",so2,11.4,28.6508,77.3152
Delhi,"2015-07-02T15:10:00+05:30",co,1600,28.6508,77.3152
Delhi,"2015-07-02T15:40:00+05:30",pm25,94,28.5648,77.1744
Delhi,"2015-07-02T15:40:00+05:30",no2,31.6,28.5648,77.1744
Delhi,"2015-07-02T15:40:00+05:30",o3,88.3,28.6683,77.1167
Delhi,"2015-07-02T15:40:00+05:30",so2,10.8,28.6508,77.3152
Delhi,"2015-07-02T15:40:00+05:30",pm25,80,28.6341,77.2005
Delhi,"2015-07-02T15:40:00+05:30",co,1900,28.5648,77.1744
Delhi,"2015-07-02T15:40:00+05:30",so2,0,28.6683,77.1167
Delhi,"2015-07-02T15:40:00+05:30",o3,70.7,28.5648,77.1744
Delhi,"2015-07-02T15:40:00+05:30",co,1400,28.6508,77.3152
Delhi,"2015-07-02T15:40:00+05:30",so2,2.9,28.5648,77.1744
Delhi,"2015-07-02T15:40:00+05:30",pm10,258,28.6683,77.1167
Delhi,"2015-07-02T15:40:00+05:30",pm25,87,28.6508,77.3152
Delhi,"2015-07-02T15:40:00+05:30",no2,20.5,28.6683,77.1167
Delhi,"2015-07-02T15:40:00+05:30",pm10,310,28.6508,77.3152
Delhi,"2015-07-02T15:40:00+05:30",o3,52.3,28.6508,77.3152
Delhi,"2015-07-02T15:40:00+05:30",pm10,216,28.5648,77.1744
Delhi,"2015-07-02T15:40:00+05:30",pm25,143,28.6683,77.1167
Delhi,"2015-07-02T15:40:00+05:30",no2,131.3,28.6508,77.3152
Delhi,"2015-07-02T15:40:00+05:30",co,1000,28.6683,77.1167
Delhi,"2015-07-02T16:00:00+05:30",pm25,111,28.6683,77.1167
Delhi,"2015-07-02T16:00:00+05:30",no2,25.4,28.5648,77.1744
Delhi,"2015-07-02T16:00:00+05:30",no2,19.3,28.6683,77.1167
Delhi,"2015-07-02T16:00:00+05:30",o3,77.6,28.5648,77.1744
Delhi,"2015-07-02T16:00:00+05:30",o3,77.2,28.6683,77.1167
Delhi,"2015-07-02T16:00:00+05:30",pm10,193,28.6341,77.2005
Delhi,"2015-07-02T16:00:00+05:30",pm25,72,28.6341,77.2005
Delhi,"2015-07-02T16:00:00+05:30",so2,2.6,28.5648,77.1744
Delhi,"2015-07-02T16:00:00+05:30",co,1800,28.5648,77.1744
Delhi,"2015-07-02T16:00:00+05:30",pm10,162,28.6683,77.1167
Delhi,"2015-07-02T16:00:00+05:30",so2,2.6,28.6341,77.2005
Delhi,"2015-07-02T16:00:00+05:30",pm10,177,28.5648,77.1744
Delhi,"2015-07-02T16:00:00+05:30",no2,11.5,28.6341,77.2005
Delhi,"2015-07-02T16:00:00+05:30",pm25,75,28.5648,77.1744
Delhi,"2015-07-02T16:00:00+05:30",co,500,28.6341,77.2005
Delhi,"2015-07-02T16:10:00+05:30",o3,58.4,28.6508,77.3152
Delhi,"2015-07-02T16:10:00+05:30",pm25,86,28.6508,77.3152
Delhi,"2015-07-02T16:10:00+05:30",so2,10,28.6508,77.3152
Delhi,"2015-07-02T16:10:00+05:30",no2,141.3,28.6508,77.3152
Delhi,"2015-07-02T16:10:00+05:30",co,2200,28.6508,77.3152
Delhi,"2015-07-02T16:10:00+05:30",pm10,348,28.6508,77.3152
Delhi,"2015-07-02T16:40:00+05:30",no2,19.3,28.5648,77.1744
Delhi,"2015-07-02T16:40:00+05:30",pm25,72,28.6341,77.2005
Delhi,"2015-07-02T16:40:00+05:30",so2,3.1,28.5648,77.1744
Delhi,"2015-07-02T16:40:00+05:30",o3,82.9,28.6683,77.1167
Delhi,"2015-07-02T16:40:00+05:30",pm10,177,28.5648,77.1744
Delhi,"2015-07-02T16:40:00+05:30",pm10,162,28.6683,77.1167
Delhi,"2015-07-02T16:40:00+05:30",no2,26.4,28.6683,77.1167
Delhi,"2015-07-02T16:40:00+05:30",co,1800,28.5648,77.1744
Delhi,"2015-07-02T16:40:00+05:30",no2,8,28.6341,77.2005
Delhi,"2015-07-02T16:40:00+05:30",o3,46.8,28.5648,77.1744
Delhi,"2015-07-02T16:40:00+05:30",pm25,75,28.5648,77.1744
Delhi,"2015-07-02T16:40:00+05:30",o3,15.9,28.6341,77.2005
Delhi,"2015-07-02T16:40:00+05:30",co,500,28.6341,77.2005
Delhi,"2015-07-02T16:40:00+05:30",pm25,111,28.6683,77.1167
Delhi,"2015-07-02T16:40:00+05:30",co,900,28.6683,77.1167
Delhi,"2015-07-02T17:00:00+05:30",o3,65.6,28.6683,77.1167
Delhi,"2015-07-02T17:00:00+05:30",pm25,81,28.6683,77.1167
Delhi,"2015-07-02T17:00:00+05:30",so2,2.9,28.5648,77.1744
Delhi,"2015-07-02T17:00:00+05:30",pm25,104,28.5648,77.1744
Delhi,"2015-07-02T17:00:00+05:30",pm25,44,28.6341,77.2005
Delhi,"2015-07-02T17:00:00+05:30",co,900,28.6683,77.1167
Delhi,"2015-07-02T17:00:00+05:30",pm10,121,28.6341,77.2005
Delhi,"2015-07-02T17:00:00+05:30",pm10,212,28.5648,77.1744
Delhi,"2015-07-02T17:00:00+05:30",co,300,28.6341,77.2005
Delhi,"2015-07-02T17:00:00+05:30",no2,22.2,28.5648,77.1744
Delhi,"2015-07-02T17:00:00+05:30",no2,34.4,28.6683,77.1167
Delhi,"2015-07-02T17:00:00+05:30",pm10,156,28.6683,77.1167
Delhi,"2015-07-02T17:00:00+05:30",o3,10.3,28.6341,77.2005
Delhi,"2015-07-02T17:00:00+05:30",o3,32.6,28.5648,77.1744
Delhi,"2015-07-02T17:00:00+05:30",no2,6,28.6341,77.2005
Delhi,"2015-07-02T17:00:00+05:30",co,1800,28.5648,77.1744
Delhi,"2015-07-02T17:40:00+05:30",o3,55.1,28.6683,77.1167
Delhi,"2015-07-02T17:40:00+05:30",pm25,104,28.5648,77.1744
Delhi,"2015-07-02T17:40:00+05:30",pm10,156,28.6683,77.1167
Delhi,"2015-07-02T17:40:00+05:30",co,400,28.6341,77.2005
Delhi,"2015-07-02T17:40:00+05:30",so2,14.6,28.6341,77.2005
Delhi,"2015-07-02T17:40:00+05:30",o3,33.3,28.5648,77.1744
Delhi,"2015-07-02T17:40:00+05:30",no2,59.1,28.6683,77.1167
Delhi,"2015-07-02T17:40:00+05:30",so2,2.3,28.5648,77.1744
Delhi,"2015-07-02T17:40:00+05:30",pm10,121,28.6341,77.2005
Delhi,"2015-07-02T17:40:00+05:30",co,1600,28.5648,77.1744
Delhi,"2015-07-02T17:40:00+05:30",co,1500,28.6683,77.1167
Delhi,"2015-07-02T17:40:00+05:30",pm25,81,28.6683,77.1167
Delhi,"2015-07-02T17:40:00+05:30",o3,22.3,28.6341,77.2005
Delhi,"2015-07-02T17:40:00+05:30",no2,7.6,28.6341,77.2005
Delhi,"2015-07-02T17:40:00+05:30",pm25,44,28.6341,77.2005
Delhi,"2015-07-02T17:40:00+05:30",no2,26.6,28.5648,77.1744
Delhi,"2015-07-02T17:40:00+05:30",so2,2.1,28.6683,77.1167
Delhi,"2015-07-02T17:40:00+05:30",pm10,212,28.5648,77.1744
